id,name,code,phoneNumber,billingAddress,emailAddress,type,isCustomer,isSupplier,isManufacturer,masterLists,transactions,isVisible,supplyingStoreId
DC2A3E4642351046B8E33601575FC287,"Yangon warehouse",YGN_warehouse,,ignore ID ,,store,true,true,false,2051AA6716797042B2D369E7F95F9218 ,2679AB185D9FB64793EA16BA8DF181E1 8EE5C5050F26DE4ABDD08B470BBB3C93 9FD5DB30C38B4A4D866F899EE306E38F 1DAC5EF9CB094F4D8251080F16DAA89C 0B8DA1B40AB4E843BEE176E244DCA73F 2BB3D4FC5A85344D8C1742B7FAD91C6C F638C8FD4DE62F46ACA91C4047AE378D 42bbd460154611e88deefd62a97583ba 6C0F1CFE2924DD49B79C212C3859DD84 1D260680BEA849489A7BD311C40716A0 4AAAFF8CBD5E2E4B875CA14F5A72CA6B 6D4BB4B0295A844C964B16BE4B976115 09BB300F76F83C43A6FA7DFC7782FB5B 8A61A1A13251844989DEE468560A5B70 14CC1C1612DBB741BA0F8895E079D6C3 49EFCCDF75D1FD41AF92F55DB5077189 14C8C650A320334084DADB640C50569D 1F002B6A2069804FB887CE7D273F7966 37230099D0DDE1418C2A30C931AF1299 03A788DCEBECAA41BCD465CBBB02A82A 3720B8CEB4030946892D722B2E49EE3D 945CF18CE4211647AD25E3A5BCC0B4E1 81D82AED280EC64DA1A4FC63206B203A 4141386CE7E1A247A054B21531A45A7B BC2027EDB6695F4C898AFC9B76BA4D43 D6BBE427598DB34383D76C2FA90A7893 1A6E74D72904B345836DC68F17B40796 4167CBDF7BBB284992578260F3E30E0A D4D1206CDC502C46A49EBAD12D719975 AECC11BAE535B548A54EAEA94A436C89 8D8610D78F3F3642A3CCB4640335B5B7 0AD14C3232130546AA08E1CD2B94FC53 225CC83525EA9742B7825290069702B0 6D6011E6B5582D44ABDB4195DB8005DE DBFC8FD0183D3547916E829D7341BB4A 3F4A3CD3C4C7AA4A917D51DF53692F92 A546A7380D59734AA6DBC49208033F34 111E37CE586FBF4B8A3069D6310F9DDC 4DE082B41AC89242ABE880FF6278AF8B 6A438C952C727B439E59FE3D44DCD2D5 335CD64359359C408160DF976B339F2B 9577AC9CE01A4E40AEA88230706A02CE F6D719AC404A5942AA0123C6AEFA6D64 C20EC7ED97E0164FAD5A792FD53ED6D3 473C3D93AC361E44958E88F7844BE397 94F14BE03AF8AF429E8A2BFDA9B34893 CDBCAF575D971340A7A83406F98D5BA8 48F6809AA4844A4DB39D6EE2E16B41BD E02CE45CDEB66B459FEC113323FF20F1 32F58A67EB08F74FB306E5BEB04C071C FB04B74A76FBFB4A8E50E6848CF632D0 EC02252A9E4E314A9D9BFF948AF6E67C D09E3D8F3A027340BF4EF0D9DAC38242 FC208EE06FE6E346B3D76950B66EB6A7 6558D81D6C075D4E80B295EA31FFD93A ,true,BC8A9F183B9032449B1145D8FA1A4904
97AFAEE53ABC6A419BE7399A28CE2EA8,"Lotus Clinic (HTY B)",HTY_B,,ignore ID ,,store,true,true,false,2051AA6716797042B2D369E7F95F9218 ,<Transaction>{},true,8795CB9A88061D4A93DDE093540E9F25
649D07F782792E49AE501E7C28CAAD83,Taungoo,TGO,,ignore ID ,,store,true,true,false,4F91F516FF9A8D4CB4C40ACE05AB45BA ,<Transaction>{},false,BC8A9F183B9032449B1145D8FA1A4904
D77D36D2F2355A42BE4F4F7A0C0B4C59,Yae,YAE,,ignore ID ,,store,true,true,false,4F91F516FF9A8D4CB4C40ACE05AB45BA ,17BA758983E58141A00E7CB858B9D270 ,true,8795CB9A88061D4A93DDE093540E9F25
12A26C6F29214649B885C65D1E791C82,"Thazin Orchid Clinic (HTY A)",HTY_A,,ignore ID ,,store,true,true,false,2051AA6716797042B2D369E7F95F9218 ,<Transaction>{},true,BC8A9F183B9032449B1145D8FA1A4904
27EB1D66B7AAD44DAF191156B71AF9BE,"Patient Consumption",Pat_Consum,,ignore ID ,,facility,true,false,false,2051AA6716797042B2D369E7F95F9218 ,<Transaction>{},false,8795CB9A88061D4A93DDE093540E9F25
97D6EA6AAB7BD8478349FC8EE4E2D7AC,"Phakant Office",PHAK_Of,,ignore ID ,,store,true,true,false,4F91F516FF9A8D4CB4C40ACE05AB45BA ,<Transaction>{},true,8795CB9A88061D4A93DDE093540E9F25
2CC938AAA1692348B49D84462267447A,placeholderName,placeholderCode,<null>,<null>,<null>,placeholderType,false,false,false,2051AA6716797042B2D369E7F95F9218 ,<Transaction>{},false,<null>
AE46D7AFEC591E4DBCBB7A051ABFF6F1,placeholderName,placeholderCode,<null>,<null>,<null>,placeholderType,false,false,false,2051AA6716797042B2D369E7F95F9218 ,<Transaction>{},false,<null>
8164AF198AE88C4FA714BF1BAE22EBEB,placeholderName,placeholderCode,<null>,<null>,<null>,placeholderType,false,false,false,2051AA6716797042B2D369E7F95F9218 ,<Transaction>{},false,<null>
D23A51F3A3DBAF4AB59D761AD9FB2FE3,placeholderName,placeholderCode,<null>,<null>,<null>,placeholderType,false,false,false,2051AA6716797042B2D369E7F95F9218 ,<Transaction>{},false,<null>
59BD069DFA7A4845B3A14A5BF7BCBBF9,KyaikDon,kkdon,,ignore ID ,,store,true,true,false,2051AA6716797042B2D369E7F95F9218 ,<Transaction>{},true,8795CB9A88061D4A93DDE093540E9F25
7748F601FB65EC4CB80776C3808F510F,Kyauktaw,Kyau,,ignore ID ,,store,true,true,false,4F91F516FF9A8D4CB4C40ACE05AB45BA ,<Transaction>{},true,8795CB9A88061D4A93DDE093540E9F25
EDBD6A807B15D245AAD0FD3FDC22D124,placeholderName,placeholderCode,<null>,<null>,<null>,placeholderType,false,false,false,2051AA6716797042B2D369E7F95F9218 ,<Transaction>{},false,<null>
EFF1EAFDC31E3148A2B48DB15F1994CA,placeholderName,placeholderCode,<null>,<null>,<null>,placeholderType,false,false,false,2051AA6716797042B2D369E7F95F9218 ,<Transaction>{},false,<null>
78A7773FDB966240984DBA6142255C23,"Nan Yun Store",N_yun,,ignore ID ,,store,true,true,false,4F91F516FF9A8D4CB4C40ACE05AB45BA ,<Transaction>{},true,8795CB9A88061D4A93DDE093540E9F25
5D52C1879569E94BADD54DE4A984B4F4,placeholderName,placeholderCode,<null>,<null>,<null>,placeholderType,false,false,false,2051AA6716797042B2D369E7F95F9218 ,<Transaction>{},false,<null>
DAD4493C0D66D84ABBB2727055C729ED,"Putao Office",Put_O,,ignore ID ,,store,true,true,false,4F91F516FF9A8D4CB4C40ACE05AB45BA ,<Transaction>{},true,8795CB9A88061D4A93DDE093540E9F25
7A64481132A6A1458437C9C1E3AEF1F6,placeholderName,placeholderCode,<null>,<null>,<null>,placeholderType,false,false,false,2051AA6716797042B2D369E7F95F9218 ,<Transaction>{},false,<null>
5FB772234D5CFD4BABE1E1387E49D363,KyarinSeikGyi,KSG,,ignore ID ,,store,true,true,false,4F91F516FF9A8D4CB4C40ACE05AB45BA ,<Transaction>{},true,8795CB9A88061D4A93DDE093540E9F25
73B248BA48618F488C2D519139D332FF,Kalay,KAL,,ignore ID ,,store,true,true,false,4F91F516FF9A8D4CB4C40ACE05AB45BA ,<Transaction>{},true,8795CB9A88061D4A93DDE093540E9F25
BFD5C8A337A6F94D86DE1F6BC73085ED,Loikaw,LOI,,ignore ID ,,store,true,true,false,4F91F516FF9A8D4CB4C40ACE05AB45BA ,<Transaction>{},true,8795CB9A88061D4A93DDE093540E9F25
20CBEF570109194CB9DFC70B60297B89,Mawlamyaing,MLM,,ignore ID ,,store,true,true,false,4F91F516FF9A8D4CB4C40ACE05AB45BA ,4AED20F46B398740BC745426CF84A6B0 0B2F0F75AA83534688DB859C34C333FE ,true,8795CB9A88061D4A93DDE093540E9F25
8C068DB01DFA3A4CBFA9CE91BE76BC96,MyitKyiNa,Myint,,ignore ID ,,store,true,true,false,4F91F516FF9A8D4CB4C40ACE05AB45BA ,<Transaction>{},true,8795CB9A88061D4A93DDE093540E9F25
77A1B1CA4B28D342951C5327CC996630,Hkamti,HKT,,ignore ID ,msupply@mam.org.mm,store,true,true,false,4F91F516FF9A8D4CB4C40ACE05AB45BA ,<Transaction>{},true,8795CB9A88061D4A93DDE093540E9F25
0F04EDF1C8383845B775FD5EE51FB470,"Inventory adjustments",invad,,ignore ID ,,inventory_adjustment,false,false,false,<MasterList>{},bb86bda0f1d411e79031b5af59368f9f bb80ca30f1d411e79031b5af59368f9f 4a623e50f1d511e79031b5af59368f9f b2c43030f74711e7a8580fb1f78de0a2 7b8d4f000aef11e89c2849fca4942265 1cbb0800152611e8884ef1796b006edd 82b71d50348c11e1bd5fc5c422a3fadd 511eb110527411e8b9b66789e723d72c f15e6070658511e8b622dd5ee426118d b2f133a0b0d311e8a047fdc82c8850e9 6958ec70c60d11e8bf5f21ced190b1f8 6960b4a0c60d11e8bf5f21ced190b1f8 ac9e7770dd8711e8a22ad759b095277d ac79ff80dd8711e8a22ad759b095277d ,false,
BA72406B9A88084FB9CB419E314FAF1A,build,build,,ignore ID ,,build,false,false,false,<MasterList>{},<Transaction>{},false,
952D50F93C80A442A6B078E189650A07,repack,repack,,ignore ID ,,repack,false,false,false,<MasterList>{},<Transaction>{},false,
2C131F9D620233468A906CFD88152653,"3MDG MARC",3MDG_MARC,09-43029690,ignore ID ,wutyeeL@unops.org,facility,false,true,false,<MasterList>{},<Transaction>{},true,8795CB9A88061D4A93DDE093540E9F25
2EF70BB32981C647B415A706EEB4D3D4,"3MDG TB",3MDG_TB,09-43029691,ignore ID ,wutyeeL@unops.org,facility,false,true,false,<MasterList>{},<Transaction>{},true,8795CB9A88061D4A93DDE093540E9F25
48A880B1FF43844FBB618EFC351DBBD9,"Global Fund ICC",GF_ICC_1,09-5136972,ignore ID ,tinmemea@unops.org,facility,false,true,false,<MasterList>{},<Transaction>{},true,8795CB9A88061D4A93DDE093540E9F25
763BF94EC1B5D54DB851BFAF203A11B7,"Global Fund ICC2",GF_ICC_2,09-5136973,ignore ID ,tinmemea@unops.org,facility,false,true,false,<MasterList>{},<Transaction>{},true,8795CB9A88061D4A93DDE093540E9F25
19017517C3E91946B4C4BF8866871AAA,"Global Fund RAI",GF_RAI,09-5136971,ignore ID ,tinmemea@unops.org,facility,false,true,false,<MasterList>{},<Transaction>{},true,8795CB9A88061D4A93DDE093540E9F25
8E682C2977E3904DBBE9C9AD31C34752,"International Procurement",IO,,ignore ID ,,facility,false,true,false,<MasterList>{},<Transaction>{},true,8795CB9A88061D4A93DDE093540E9F25
E13CB4C69249044CA0F5AA4594BF0FB0,"Local Procurement",LP,,ignore ID ,,facility,false,true,false,<MasterList>{},<Transaction>{},true,8795CB9A88061D4A93DDE093540E9F25
8FF0B16BAB76C34695521166B781EC4C,NAP,NAP,,ignore ID ,dr.pyaesoan@gmail.com,facility,false,true,false,<MasterList>{},<Transaction>{},true,8795CB9A88061D4A93DDE093540E9F25
A768370FD90B134384BE26D27A763AE4,"NMCP_GF ICC",NMCP_ICC,09-5193661,ignore ID ,kyawtmonwin@gmail.com,facility,false,true,false,<MasterList>{},<Transaction>{},true,8795CB9A88061D4A93DDE093540E9F25
5F9A8A6FAF8E1B44AEF979F46C832CF1,"NMCP_GF ICC2",NMCP_ICC2,09-5193661,ignore ID ,kyawtmonwin@gmail.com,facility,false,true,false,<MasterList>{},<Transaction>{},true,8795CB9A88061D4A93DDE093540E9F25
EB5A7E5332C866469156195367704A08,"NMCP_GF RAI",NMCP_RAI,09-5193661,ignore ID ,kyawtmonwin@gmail.com,facility,false,true,false,<MasterList>{},<Transaction>{},true,8795CB9A88061D4A93DDE093540E9F25
26B43FB6B88F3346875DC474E61E2B84,NTP,NTP,,ignore ID ,,facility,false,true,false,<MasterList>{},<Transaction>{},true,8795CB9A88061D4A93DDE093540E9F25
EE9E90F327A160479CD72B8514326F70,Other-damage,OTR_Damage,,ignore ID ,,facility,true,false,false,<MasterList>{},e0e4be7062ff11e8bd851fde825ab82a ,true,8795CB9A88061D4A93DDE093540E9F25
1F453C9D46C2874BBC7BA75216AC1A6A,Other-expired,OTR_Expired,,ignore ID ,,facility,true,false,false,<MasterList>{},d694da4054ea11e896176b76c444dbd3 ,true,8795CB9A88061D4A93DDE093540E9F25
DB0F49F4B4467C4486D6FE166FCAEF47,Other-lending,OTR_Lending,,ignore ID ,,facility,true,true,false,<MasterList>{},<Transaction>{},true,8795CB9A88061D4A93DDE093540E9F25
7F3083CCC1657B4FA84683B335BD7DB2,Other-loan,OTR_Loan,,ignore ID ,,facility,false,true,false,<MasterList>{},<Transaction>{},true,8795CB9A88061D4A93DDE093540E9F25
C6D4B298B5F707478EC238345CC87EC9,Other-return,OTR_Return,,ignore ID ,,facility,false,true,false,<MasterList>{},9f3a1de000ca11e8b76d9d0c72fe4497 ed9109e0949a11e89477bd4797f89965 b8fe12d094aa11e89477bd4797f89965 ,true,8795CB9A88061D4A93DDE093540E9F25
ED4AA00CAD39F1428F9CD0BFC713B130,"The Myanmar Oxford Clinical Research Unit",MOCRU,,ignore ID ,,facility,true,false,false,<MasterList>{},<Transaction>{},true,8795CB9A88061D4A93DDE093540E9F25
036A923F91D0C24EA5EEC8F3201325D6,Hpayarthonesu,HPTS,,ignore ID ,,facility,true,true,false,<MasterList>{},<Transaction>{},false,8795CB9A88061D4A93DDE093540E9F25
7283B8C7FD047347AFE237B4F41EAA83,"TB Patient consumption",TB_pt_cons,,ignore ID ,,facility,true,false,false,<MasterList>{},<Transaction>{},true,8795CB9A88061D4A93DDE093540E9F25
BF0FDA22A567AC47B38BC14665EE587E,Yae,YAE,,ignore ID ,,facility,true,true,false,<MasterList>{},<Transaction>{},false,8795CB9A88061D4A93DDE093540E9F25
3EC6E55FD08B5440936510E7DD670CE2,KyarinSeikGyi,KISG,,ignore ID ,,facility,true,true,false,<MasterList>{},<Transaction>{},false,8795CB9A88061D4A93DDE093540E9F25
8F2123C12815054794AFC8B256B918EC,KyaikDon,KDN,,ignore ID ,,facility,true,true,false,<MasterList>{},<Transaction>{},false,8795CB9A88061D4A93DDE093540E9F25
3258081052441F43BD12D90C8D3C9EB3,MyitKyiNa,MKN,,ignore ID ,,facility,true,true,false,<MasterList>{},<Transaction>{},false,8795CB9A88061D4A93DDE093540E9F25
A487B23C9632224C9F2A444E77E940FF,"Bamaw Office",Bamaw_off,,ignore ID ,,facility,true,true,false,<MasterList>{},<Transaction>{},false,8795CB9A88061D4A93DDE093540E9F25
A7B7CF72E4D6664094D36AA09D183D5E,"Putao Office",PTO,,ignore ID ,,facility,true,true,false,<MasterList>{},<Transaction>{},false,8795CB9A88061D4A93DDE093540E9F25
B3F3908F8F36FA4495334E48CDD13971,Loikaw,LKW,,ignore ID ,,facility,true,true,false,<MasterList>{},<Transaction>{},false,8795CB9A88061D4A93DDE093540E9F25
4D0346EC3C22704BBFCD4342009EC6C7,Kalay,KLY,,ignore ID ,,facility,true,true,false,<MasterList>{},<Transaction>{},false,8795CB9A88061D4A93DDE093540E9F25
769C5E08AFB4384691A9B17A75E50E56,"Phaung Byin",PBN,,ignore ID ,,facility,true,true,false,<MasterList>{},<Transaction>{},false,8795CB9A88061D4A93DDE093540E9F25
F4ED1C429B29394495243EAA4D815D69,Kyauktaw,KTW,,ignore ID ,,facility,true,true,false,<MasterList>{},<Transaction>{},false,8795CB9A88061D4A93DDE093540E9F25
F2F7AAE127F721459F00A971E8FF82CA,Phakant,PKT,,ignore ID ,,facility,true,true,false,<MasterList>{},<Transaction>{},false,8795CB9A88061D4A93DDE093540E9F25
FC607BD5D9C1C04FB3D39FCBE1A233F5,"Hkamti (Naga region)",Hkamti,,ignore ID ,,facility,true,true,false,<MasterList>{},<Transaction>{},false,8795CB9A88061D4A93DDE093540E9F25
7B35842B73DD944FA5641D7DF5FC4070,"Putao Clinic",PTO_Clinic,,ignore ID ,,facility,true,true,false,<MasterList>{},<Transaction>{},false,8795CB9A88061D4A93DDE093540E9F25
5EBF6B73D4BFB8418610B0C18885F84E,"Lily Clinic (Thanbyuzayat)",TBZY,,ignore ID ,,facility,true,true,false,<MasterList>{},<Transaction>{},false,8795CB9A88061D4A93DDE093540E9F25
C4787954D09C494195A375C0EDCB6E58,"KyarinSeikGyi Clinic",KISG_Clinic,,ignore ID ,,facility,true,true,false,<MasterList>{},<Transaction>{},false,8795CB9A88061D4A93DDE093540E9F25
4356A5FE956B0B4893DBF762BF423C65,"Other Donation",OTR_Donation,,ignore ID ,,facility,true,true,false,<MasterList>{},<Transaction>{},true,8795CB9A88061D4A93DDE093540E9F25
4400BEDBEDF0CE4FB6FD9E45BA456423,Other-Exchange,OTR_Exchange,,ignore ID ,,facility,true,true,false,<MasterList>{},4983551054f311e896176b76c444dbd3 6d4625e054f311e896176b76c444dbd3 ,true,8795CB9A88061D4A93DDE093540E9F25
20C4540B10773E4E85388592C81F1BC6,Other,OTR,,ignore ID ,,facility,true,true,false,<MasterList>{},1639e4f0e14711e7a5872fa61e46d180 ce7f01f0f1ee11e7900945d7ca3e6bf7 3c2602c0f4ed11e7bf15c9f215211448 348f4d90f4ee11e7bf15c9f215211448 23df0930f4ef11e7bf15c9f215211448 a212c670f4ef11e7bf15c9f215211448 1116fcd0f4fa11e7bf15c9f215211448 3acaa8c0f4fe11e7bf15c9f215211448 cbeca260f74011e7a8580fb1f78de0a2 8bb832b0f5e511e78e1903d9258e88fa 1b530bc0f5e611e78e1903d9258e88fa 76196f10f74211e7a8580fb1f78de0a2 5437c4d0ff5a11e7bbca015aeb12727c b2c17f60017f11e8a5410b58d3fabb77 295e974007ff11e886b3f1f1b7745e45 9dcd9bc0080011e886b3f1f1b7745e45 37c79a700c8211e89048859f5f9bd26d 6d335f40348a11e1bd5fc5c422a3fadd 191cff80347e11e1bd5fc5c422a3fadd 72d423c0347c11e1bd5fc5c422a3fadd 7326aeb021f111e895d59f29cf2a42ee 3b67c9d022b611e895d59f29cf2a42ee e7ddf9b028eb11e8b967af66153bb1c2 b5e6e8002d8111e88350036ce741bbd5 3b4889e02daa11e8b3ea0f2fb531aafe a37392a02e4d11e8b3ea0f2fb531aafe 45ff34c02e4e11e8b3ea0f2fb531aafe 07ef3a502e7511e8b3ea0f2fb531aafe b47882802e5311e8b3ea0f2fb531aafe 87d2e1c02e8611e8b3ea0f2fb531aafe d294c54032fd11e89e460ffaf6fe915c 904b6a00365d11e88fbccdc0dc0120d2 9dfa6d50397211e893b8df9e54ae394e 209725603c6511e8ae689791b55f6c43 a3c552303c9d11e8ae689791b55f6c43 0ca97de04ebd11e89ebbdfd36278f8eb 3d972af04ebe11e89ebbdfd36278f8eb cfdd74f04ebe11e89ebbdfd36278f8eb 50eb7b504ebf11e89ebbdfd36278f8eb 71c77fe04ebf11e89ebbdfd36278f8eb 52902a3051aa11e8b9b66789e723d72c 7f51af3051aa11e8b9b66789e723d72c 067f05a051ad11e8b9b66789e723d72c e187d38051ac11e8b9b66789e723d72c bf022fd0526b11e8b9b66789e723d72c 407d336054de11e8a87b69b224668ea6 78dc190054ee11e896176b76c444dbd3 abcd84e05a4b11e8a91bbf2b3ecf8714 79e611705fcf11e89fe3e50b36702ab4 36c03980654b11e8b622dd5ee426118d c7812190658311e8b622dd5ee426118d a5f702b0658311e8b622dd5ee426118d 8534a0a0658311e8b622dd5ee426118d e10a69b0658211e8b622dd5ee426118d c64cf6b06a0a11e8b622dd5ee426118d 848fbe506df811e89935b57847f661db 331aca206dfc11e88503534efd32787c 7b7c6e70738f11e893fc252d937b0219 e0ff27c0752811e882cb015812cb8d79 6f0f73c0752a11e882cb015812cb8d79 44727c70752a11e882cb015812cb8d79 117c801079ba11e8950a7dbd7a75f2a7 202cd660832811e8a55e0557c1998b75 43ff1080832811e8a55e0557c1998b75 ecad6570832711e8a55e0557c1998b75 0c7ad91093a311e898444bc44bf375de 73a1458093b611e898444bc44bf375de e3bd634093ba11e898444bc44bf375de c4ea8400949d11e89477bd4797f89965 4be42460955d11e899f23b1bff7f35c1 ffdb8a209a2711e8bc4a07ae5b91887a 516f2d109a2811e8bc4a07ae5b91887a 202728609f7411e886de8b17822d2eb5 7b75f1b09f7411e886de8b17822d2eb5 b4a5af209f7411e886de8b17822d2eb5 fa69c3409f7711e886de8b17822d2eb5 e58017c09f7411e886de8b17822d2eb5 eedb7680a11711e8a585014e0afdbd7b 00c39930a1c811e897ca616bd707c2d2 f859c0f0aa9911e8878695ce374806fb bed66540aa9911e8878695ce374806fb 2051f380aa9911e8878695ce374806fb f476d7a0ab2c11e8878695ce374806fb 1ba11dc0ab2a11e8878695ce374806fb 156d3560ac0611e8adc2c53df07aa427 6ce8c4d0acf111e8bb9a9d9b746c4641 aeff0140acf611e8bb9a9d9b746c4641 0baa7ef0acf811e8bb9a9d9b746c4641 11e5a120bbb011e8bbc9390b62113593 f1c5b610bbae11e8bbc9390b62113593 8a1f2280bbae11e8bbc9390b62113593 b9a7f2f0bbb011e8bbc9390b62113593 af0f5b50c2f711e8bf50e93da3372528 39d50ec0c5ef11e8bf5f21ced190b1f8 6eb2a750cdca11e8b4f62f285a2de708 2787cfe0cdca11e8b4f62f285a2de708 d85accb0cdc911e8b4f62f285a2de708 29809660dce311e8b3be8554970e016f c4299820dce211e8b3be8554970e016f eae81cc0dce211e8b3be8554970e016f a5089780dd8611e8a22ad759b095277d f5852a20e23111e894e83b9783df6c54 ,true,8795CB9A88061D4A93DDE093540E9F25
089479EBCF55BA4C8E5AB77D84A42F46,"Myanmar Liver Foundation",MLF,,ignore ID ,,facility,false,true,false,<MasterList>{},<Transaction>{},true,8795CB9A88061D4A93DDE093540E9F25
D16D81DD1007ED458E00C680EA6670B9,"National TB Reference Lab",NTRL,,ignore ID ,,facility,false,true,false,<MasterList>{},<Transaction>{},true,8795CB9A88061D4A93DDE093540E9F25
1265054F34EA5F4DBFDCE4C2CE234559,"Nurse and Day Care",Nurse,,ignore ID ,,facility,true,false,false,<MasterList>{},<Transaction>{},false,8795CB9A88061D4A93DDE093540E9F25
91689070B81F4240954F9D9D2BEE7438,Laboratory,Lab,,ignore ID ,,facility,true,false,false,<MasterList>{},<Transaction>{},false,8795CB9A88061D4A93DDE093540E9F25
7950873BB0094D4091466F04FF4AC72B,"Reception and nutrition",Recept,,ignore ID ,,facility,true,true,false,<MasterList>{},<Transaction>{},false,8795CB9A88061D4A93DDE093540E9F25
BA0973C9AA9CF0459AC99F708E43F3DE,"Team (1)",Team_1,,ignore ID ,,facility,true,true,false,<MasterList>{},1cac1bb0f4ec11e7bf15c9f215211448 cdcf09d0ff4a11e7bbca015aeb12727c 39f768b0017f11e8a5410b58d3fabb77 90b8adc007d911e886b3f1f1b7745e45 377cf6800c7a11e89048859f5f9bd26d b7716470113911e895445350a3fc6362 1f1e8bb01ad211e8a548a55ec19babac c45e2470228c11e895d59f29cf2a42ee 51c0f540266611e887ea15a8be15bf87 739c89302ced11e88350036ce741bbd5 00382c002cee11e88350036ce741bbd5 7c8fd72030dc11e88f8393337cfd032a 6f21bd90397111e893b8df9e54ae394e 8e58c8b03bb611e8ae689791b55f6c43 8629a9d0484911e88fa2dbed1c1bec57 dc5eabe04e8c11e898b2f3a62bad3d63 d9bb5fe054f011e896176b76c444dbd3 251d8520550111e896176b76c444dbd3 1516d9f054d011e8a87b69b224668ea6 2ef5d7205d6a11e8851be9c95ee46fef 34f83e3062ef11e8a39f1bbc93100ca4 a22e6e50654911e8b622dd5ee426118d 56bb3270658311e8b622dd5ee426118d 1c061ce06a0a11e8b622dd5ee426118d f5e26bd06df211e89935b57847f661db 9789d8a07e7f11e8bd3235efb8a25a5e 8da7f990832311e8a55e0557c1998b75 2f0ccbd089af11e89eed01157f1682cd a0a691d08ef611e898444bc44bf375de aba8492093b011e898444bc44bf375de 1c1c798093d711e89477bd4797f89965 22c1bf20955d11e899f23b1bff7f35c1 3f62c6009a2711e8bc4a07ae5b91887a 967279e09f6811e886de8b17822d2eb5 0e040190a4f011e894572770da95c0be ca0503b0aa9711e8878695ce374806fb 8d98eb90a9c911e8aff79ff580246951 c3aa0f30b1b111e8b38c352873125609 b5d2f560b63a11e8818145a266bd8157 3b3b8bc0bbab11e8bbc9390b62113593 6ce3a5f0bcae11e8aaa031f44b6f2e4e b09898d0bfd511e8aaa031f44b6f2e4e c7057ef0c79911e8aba6993201bb5d08 ,false,8795CB9A88061D4A93DDE093540E9F25
43486D1BBC829641AF0CF51237D6E39E,"Team (2)",Team_2,,ignore ID ,,facility,true,true,false,<MasterList>{},8f8f6100f4f611e7bf15c9f215211448 acbfea80ff4e11e7bbca015aeb12727c 9b519f1007db11e886b3f1f1b7745e45 148922900c8711e89048859f5f9bd26d 59f78340123511e8884ef1796b006edd 0ace8cd0123711e8884ef1796b006edd 80fafe20347b11e1bd5fc5c422a3fadd d794857021f111e895d59f29cf2a42ee 28f0a92022ac11e895d59f29cf2a42ee daf341b0236e11e880bc5fef0979b03f 3dceab802cd911e88350036ce741bbd5 4e3f52002cdc11e88350036ce741bbd5 ba3c85c02ced11e88350036ce741bbd5 e8283690330611e89e460ffaf6fe915c 65d427c02e8911e8b3ea0f2fb531aafe d18b19203bdf11e8ae689791b55f6c43 7fb8f2604ebe11e89ebbdfd36278f8eb 96a9876054d511e8a87b69b224668ea6 8364b39055d511e898803d537e4f396b 8b04a7005d6811e8851be9c95ee46fef 6dfa88a0626311e8a39f1bbc93100ca4 c3099950694b11e8b622dd5ee426118d ef5ce7406ded11e89935b57847f661db 4df91bb0737111e893fc252d937b0219 eac65f40752c11e882cb015812cb8d79 48e660707f3211e883dc7fe504221941 9476ab4089ae11e89eed01157f1682cd 75d0998089ae11e89eed01157f1682cd 9f684b4089ad11e89eed01157f1682cd 11f8628093b311e898444bc44bf375de 164606e09ed911e89837f15b428067a5 c14ee2d09f7611e886de8b17822d2eb5 0aaa6cf0a50911e894572770da95c0be 60e330f0a9ca11e8aff79ff580246951 25134fc0b17611e8ac7081503feacd60 b77c2e00b63911e8818145a266bd8157 a7f2a960bbab11e8bbc9390b62113593 1e1006f0bd6a11e8aaa031f44b6f2e4e 28ea8ec0bfd511e8aaa031f44b6f2e4e 4f971200bfd511e8aaa031f44b6f2e4e 23ee6b20c6e811e8a22ccf901dd6f140 ,false,8795CB9A88061D4A93DDE093540E9F25
86DC7EE08FEF3749B1B8E2F80B1ADA57,"Team (3)",Team_3,,ignore ID ,,facility,true,true,false,<MasterList>{},ceda4870f4fb11e7bf15c9f215211448 95a466b0ff5211e7bbca015aeb12727c 78d15820017f11e8a5410b58d3fabb77 ed2546c0028111e8b000a1e525c68c41 013069900c7f11e89048859f5f9bd26d 23b76d90113611e895445350a3fc6362 55d82c30154411e88deefd62a97583ba 064716a0346c11e1bd5fc5c422a3fadd ff98a930229011e895d59f29cf2a42ee ae359ff0267111e887ea15a8be15bf87 3fcb95502ccb11e88350036ce741bbd5 3ad7b8002cec11e88350036ce741bbd5 9157bf202d8411e88350036ce741bbd5 edd86380365d11e88fbccdc0dc0120d2 2c7a3870397e11e893b8df9e54ae394e 16821870484811e88fa2dbed1c1bec57 8cd28d70491511e89ebd87fe0f79306a 27e854204e8e11e898b2f3a62bad3d63 24232a30543e11e8868f6dd1414c9103 1aacb66055dd11e898803d537e4f396b da062f905d7711e8851be9c95ee46fef c3191d4062f611e8a39f1bbc93100ca4 650f46b06a0911e8b622dd5ee426118d 2694b7306dec11e89935b57847f661db e1f63510737f11e893fc252d937b0219 a6f7d230752c11e882cb015812cb8d79 ce44e00079b211e8950a7dbd7a75f2a7 56e5352079ba11e8950a7dbd7a75f2a7 6bddd0607e8111e8bd3235efb8a25a5e 7bacec307f3311e883dc7fe504221941 fbc7d9b0834911e8a55e0557c1998b75 6e243f608a3111e89eed01157f1682cd 072cd6608ef911e898444bc44bf375de 9c86a1f08ef911e898444bc44bf375de f0e8993093b111e898444bc44bf375de 6ba32010947411e89477bd4797f89965 d0d96c90949811e89477bd4797f89965 26c847809a2411e8bc4a07ae5b91887a 622fce109f6a11e886de8b17822d2eb5 96cfb7409f7711e886de8b17822d2eb5 13c4b4e0a50811e894572770da95c0be b7b7a990aa7611e8878695ce374806fb 702f1c50ab2711e8878695ce374806fb 61d6eb50ac3111e8b08e734d32001077 9e4d1660accf11e8bb9a9d9b746c4641 83806120b63911e8818145a266bd8157 563bd190bbac11e8bbc9390b62113593 58999ae0bbb011e8bbc9390b62113593 26390020bfd111e8aaa031f44b6f2e4e abe4b840bfd611e8aaa031f44b6f2e4e e4dde390c5f011e8bf5f21ced190b1f8 9f54a080c79811e8aba6993201bb5d08 ,false,8795CB9A88061D4A93DDE093540E9F25
2518C53B36BBDD49A943B2EC89F530CA,"Team (4)",Team_4,,ignore ID ,,facility,true,true,false,<MasterList>{},9dbcb4e0f5c211e79e8049f9b2a78e5a 8c431bf0ff5911e7bbca015aeb12727c 093f6d5007ef11e886b3f1f1b7745e45 19420c300c8611e89048859f5f9bd26d d8227170123611e8884ef1796b006edd c86b54a0113b11e895445350a3fc6362 4de97cc016d611e88deefd62a97583ba ac6c2570346711e1bd5fc5c422a3fadd 5f119ec0229211e895d59f29cf2a42ee 96fc64d022ad11e895d59f29cf2a42ee 16c32000269111e887ea15a8be15bf87 36844b202ce611e88350036ce741bbd5 20e9c190324611e89e460ffaf6fe915c cc4a068030d911e88f8393337cfd032a 32fb8400324011e89e460ffaf6fe915c 43a53fb03bb611e8ae689791b55f6c43 a3d42f70484711e88fa2dbed1c1bec57 74b913e04df611e8b9931b921102a444 2c586d904e9011e898b2f3a62bad3d63 0d6c5400527311e8b9b66789e723d72c 40b1593054d211e8a87b69b224668ea6 f3fc943055dd11e898803d537e4f396b edbf18b05d7911e8851be9c95ee46fef 01fe3e405d7b11e8851be9c95ee46fef 3621fbb062f011e8a39f1bbc93100ca4 20931060694c11e8b622dd5ee426118d f7a7d7a06df411e89935b57847f661db cea3cf4079ba11e8950a7dbd7a75f2a7 993d1c007e8111e8bd3235efb8a25a5e 3991bbd07f3011e883dc7fe504221941 05b8f540832b11e8a55e0557c1998b75 0886bae08a3411e89eed01157f1682cd 18c9d4808e2311e8a2fca3be0026a4aa 3ccfa6e093b711e898444bc44bf375de e0ab622093d711e89477bd4797f89965 ef25cee09a2511e8bc4a07ae5b91887a 8d60fcd09f6f11e886de8b17822d2eb5 4c6f09309f7711e886de8b17822d2eb5 9074c820a1c211e8bee3470b63db81b0 b20c7ef0a1eb11e89fd801e1fe847d13 e41f1f90a50311e894572770da95c0be ea4d8560aa9811e8878695ce374806fb 8f847bc0aa7511e8878695ce374806fb 671cd2a0acf411e8bb9a9d9b746c4641 27d841b0b1ae11e8b38c352873125609 c3f6bdb0b1b311e8b38c352873125609 ca0aa840b63811e8818145a266bd8157 234b88a0bba911e8bbc9390b62113593 b20d3210bfc211e8aaa031f44b6f2e4e 4c1a1770c05d11e8aaa031f44b6f2e4e 2af6f290c55111e8bf50e93da3372528 a104f680c55111e8bf50e93da3372528 60a3d520c5f111e8bf5f21ced190b1f8 3ee43b90c6e711e8a22ccf901dd6f140 ,false,8795CB9A88061D4A93DDE093540E9F25
D14E26BB98CF5549A02C2BE71C9E8343,"Team (5)",Team_5,,ignore ID ,,facility,true,true,false,<MasterList>{},bc4039c0f5de11e78e1903d9258e88fa d7aa5d30ff5c11e7bbca015aeb12727c 1b07964000db11e8b76d9d0c72fe4497 abd13f1007f111e886b3f1f1b7745e45 dff3aa900c8211e89048859f5f9bd26d 010a4e50113d11e895445350a3fc6362 40753000155711e88deefd62a97583ba c0c9e3a0347511e1bd5fc5c422a3fadd d272fc60347311e1bd5fc5c422a3fadd 79b5b5e01d2411e8bd5fc5c422a3fadd 0123430022a011e895d59f29cf2a42ee a7866b4022a611e895d59f29cf2a42ee d2f5346028ef11e8b967af66153bb1c2 04446cf028f211e8b967af66153bb1c2 55108f4028f411e8b967af66153bb1c2 b7c0c9a02ce811e88350036ce741bbd5 460656702cea11e88350036ce741bbd5 e307fbf02cee11e88350036ce741bbd5 73a371902cee11e88350036ce741bbd5 15183b802daa11e8b3ea0f2fb531aafe 0d11870032fc11e89e460ffaf6fe915c 919e81b030dd11e88f8393337cfd032a 77e698c0361e11e88fbccdc0dc0120d2 ca667c20396e11e893b8df9e54ae394e be183c10484611e88fa2dbed1c1bec57 2583e9704ded11e8b9931b921102a444 05748a104df511e8b9931b921102a444 f19a794054d511e8a87b69b224668ea6 1b54f0905d6d11e8851be9c95ee46fef 52d09bc05d7511e8851be9c95ee46fef 93e2e10062f111e8a39f1bbc93100ca4 273e0b8062f411e8a39f1bbc93100ca4 430af02062f511e8a39f1bbc93100ca4 aed716b0655411e8b622dd5ee426118d a10598b06def11e89935b57847f661db 04ccd2606df411e89935b57847f661db e5b877c0738011e893fc252d937b0219 34eedb90750711e8827f1784e40d911a e12b6ae0750711e8827f1784e40d911a fe957a30750711e8827f1784e40d911a cb09380079e911e8950a7dbd7a75f2a7 11ddbca079eb11e8950a7dbd7a75f2a7 a65d32807f3511e883dc7fe504221941 95673a00835111e8a55e0557c1998b75 c90553a08e1f11e8a2fca3be0026a4aa 28e2b0508e2111e8a2fca3be0026a4aa 26cc6340949f11e89477bd4797f89965 b9ea17809ed111e89837f15b428067a5 490e3cb0a1c111e8bee3470b63db81b0 c3e92990a50411e894572770da95c0be b3952710a9c811e8aff79ff580246951 ef592f40b1b011e8b38c352873125609 4e635ae0b63b11e8818145a266bd8157 81334f80bbad11e8bbc9390b62113593 9b6f8c90bbaf11e8bbc9390b62113593 12e22480bcab11e8aaa031f44b6f2e4e 532df370bcab11e8aaa031f44b6f2e4e 03fc67a0c55711e8bf50e93da3372528 cc62de80c5ee11e8bf5f21ced190b1f8 59a867e0c79a11e8aba6993201bb5d08 9f9c6d00c79a11e8aba6993201bb5d08 ,false,8795CB9A88061D4A93DDE093540E9F25
15C7D238C4142A40B6C4A4B5A73B89F6,"Team (6)",Team_6,,ignore ID ,,facility,true,true,false,<MasterList>{},<Transaction>{},false,8795CB9A88061D4A93DDE093540E9F25
0EDDD313ADA0104AB1DDE326EE197D87,"Team (7)",Team_7,,ignore ID ,,facility,true,true,false,<MasterList>{},<Transaction>{},false,8795CB9A88061D4A93DDE093540E9F25
35BE109CEF7F6643AC18453456B56FE1,"Team (8)",Team_8,,ignore ID ,,facility,true,true,false,<MasterList>{},<Transaction>{},false,8795CB9A88061D4A93DDE093540E9F25
F1B84289F883CC42813BA167E544ED0E,"Team (9)",Team_9,,ignore ID ,,facility,true,true,false,<MasterList>{},<Transaction>{},false,8795CB9A88061D4A93DDE093540E9F25
1E3AEBA00016A74F97CFB49FE9331DFE,"World Food Program",WFP,,ignore ID ,,facility,false,true,false,<MasterList>{},<Transaction>{},false,8795CB9A88061D4A93DDE093540E9F25
89CCA9D4E2A92447A3DEF93DCEF7D054,"Lashi (Naga region)",Lashi,,ignore ID ,,facility,true,true,false,<MasterList>{},<Transaction>{},false,8795CB9A88061D4A93DDE093540E9F25
64E641A09DE9D04EAFF41EEE317E4CD7,"Lahe (Naga region)",Lahe,,ignore ID ,,facility,true,true,false,<MasterList>{},<Transaction>{},false,8795CB9A88061D4A93DDE093540E9F25
488A619FE564A1418BFB0874B7A38AAA,"Nan Yun",Nan_Yun,,ignore ID ,,facility,true,true,false,<MasterList>{},<Transaction>{},false,8795CB9A88061D4A93DDE093540E9F25
A1A5D8DE62BBA9438EE98E7E52B98542,"HIV Mobile Team 1",HIV_Mobile_1,,ignore ID ,,facility,true,true,false,<MasterList>{},<Transaction>{},false,8795CB9A88061D4A93DDE093540E9F25
D31A800BC91A164ABDBC4E0519FF2131,"HIV Mobile Team 2",HIV_Mobile_2,,ignore ID ,,facility,true,true,false,<MasterList>{},<Transaction>{},false,8795CB9A88061D4A93DDE093540E9F25
81C3C44DD9824F4D95FF39061F9A1BB4,"HIV Mobile Team 3",HIV_Mobile_3,,ignore ID ,,facility,true,true,false,<MasterList>{},<Transaction>{},false,8795CB9A88061D4A93DDE093540E9F25
BDCF7E892AD050499B997FC0977D104E,"National Malaria Control Program",NMCP,,ignore ID ,,facility,false,true,false,<MasterList>{},<Transaction>{},true,8795CB9A88061D4A93DDE093540E9F25
E6CDEE719B2F304198C384CE7280A384,"Global Fund Regional",GF_R,,ignore ID ,,facility,false,true,false,<MasterList>{},<Transaction>{},true,8795CB9A88061D4A93DDE093540E9F25
DBB31F779771EB41B33B30A9DF6B8597,"Global Fund Country",GF_C,,ignore ID ,,facility,false,true,false,<MasterList>{},<Transaction>{},true,8795CB9A88061D4A93DDE093540E9F25
6885FFBCF133EE498184851437E32987,"Medical Action Myanmar",MAM,,ignore ID ,,facility,false,true,false,<MasterList>{},<Transaction>{},true,8795CB9A88061D4A93DDE093540E9F25
E5C957CD5652C449BB87D16CF88801C1,"HIV Clinic 1",HIV_Cl1,,ignore ID ,,facility,true,true,false,<MasterList>{},<Transaction>{},false,8795CB9A88061D4A93DDE093540E9F25
142B2938A256D94295061D12F9AF9FF0,"HIV Clinic 2",HIV_Cl2,,ignore ID ,,facility,true,true,false,<MasterList>{},<Transaction>{},false,8795CB9A88061D4A93DDE093540E9F25
316C482383D9004C90355CBFDE391A35,"HIV Clinic 3",HIV_Cl3,,ignore ID ,,facility,true,true,false,<MasterList>{},<Transaction>{},false,8795CB9A88061D4A93DDE093540E9F25
5A54B92C878B8944B82A018D97716A3E,"HIV Clinic 4",HIV_Cl4,,ignore ID ,,facility,true,true,false,<MasterList>{},<Transaction>{},false,8795CB9A88061D4A93DDE093540E9F25
A4B3F691C6BB5D42923BCD8FA4CEF989,"Malaria Post 1",Mal_Post_1,,ignore ID ,,facility,true,true,false,<MasterList>{},<Transaction>{},false,EA2D9DBDFE63A8489C7E52B75D51A3BE
6206168BC8C27A4C8D32EB71D0B4085F,"Malaria Post 2",Mal_Post_2,,ignore ID ,,facility,true,true,false,<MasterList>{},<Transaction>{},false,EA2D9DBDFE63A8489C7E52B75D51A3BE
1D3A9E5718047C4394F13C7D9CA020D3,"Malaria Post 3",Mal_Post_3,,ignore ID ,,facility,true,true,false,<MasterList>{},<Transaction>{},false,EA2D9DBDFE63A8489C7E52B75D51A3BE
119D5927D2DB08429AB45E4D7604DA70,"Malaria Post 4",Mal_Post_4,,ignore ID ,,facility,true,true,false,<MasterList>{},<Transaction>{},false,EA2D9DBDFE63A8489C7E52B75D51A3BE
3DD7CAC7D8EEF149B01531A2837B46DC,"KT_PLW_Team 1",KT_PLW1,,ignore ID ,,facility,true,true,false,<MasterList>{},<Transaction>{},false,8795CB9A88061D4A93DDE093540E9F25
3299ABC14F5B9A4697DAEB4C00B31004,"KT_PLW_Team 2",KT_PLW2,,ignore ID ,,facility,true,true,false,<MasterList>{},<Transaction>{},false,8795CB9A88061D4A93DDE093540E9F25
61217786107C204D9CA12F276895F295,"KT_PLW_Team 3",KT_PLW3,,ignore ID ,,facility,true,true,false,<MasterList>{},<Transaction>{},false,8795CB9A88061D4A93DDE093540E9F25
ED9580CF498B0141A69FB13E26F24C6E,"KT_PLW_Team 4",KT_PLW4,,ignore ID ,,facility,true,true,false,<MasterList>{},<Transaction>{},false,8795CB9A88061D4A93DDE093540E9F25
BBC6DD3E692C9E429CFBFB7E655ABF1C,"KT_PLW_Team 5",KT_PLW5,,ignore ID ,,facility,true,true,false,<MasterList>{},<Transaction>{},false,8795CB9A88061D4A93DDE093540E9F25
8E62CCF60DFF7D47980745B391768DA2,"KT_Thantaung_Team 1",KT_Thantaung1,,ignore ID ,,facility,true,true,false,<MasterList>{},<Transaction>{},false,8795CB9A88061D4A93DDE093540E9F25
BB0DAE560D4D37408F25636D39E688C7,"KT_Thantaung_Team 2",KT_Thantaung2,,ignore ID ,,facility,true,true,false,<MasterList>{},<Transaction>{},false,8795CB9A88061D4A93DDE093540E9F25
F24EB285A3299545919B244B29AD6FBB,"KT_Thantaung_Team 3",KT_Thantaung3,,ignore ID ,,facility,true,true,false,<MasterList>{},<Transaction>{},false,8795CB9A88061D4A93DDE093540E9F25
151FFF87D57FB84FBC221381D7DE6195,"KT_Malaria_Post 1",KT_Mal_Post1,,ignore ID ,,facility,true,true,false,<MasterList>{},<Transaction>{},false,8795CB9A88061D4A93DDE093540E9F25
F11BF4A2D25D084FA1C3B80F35250304,"KT_Malaria_Post 2",KT_Mal_Post2,,ignore ID ,,facility,true,false,false,<MasterList>{},<Transaction>{},false,8795CB9A88061D4A93DDE093540E9F25
A8EE56B83F992D4BB2983D3AB7102523,"KT_Malaria_Post 3",KT_Mal_Post3,,ignore ID ,,facility,true,false,false,<MasterList>{},<Transaction>{},false,8795CB9A88061D4A93DDE093540E9F25
91AC76E2DEA0AE4B8BE2C48B1CDACB01,"KT_Malaria_Post 4",KT_Mal_Post4,,ignore ID ,,facility,true,false,false,<MasterList>{},<Transaction>{},false,8795CB9A88061D4A93DDE093540E9F25
C33FD3C62E44F645B15BDAAE41E0E514,"MKA_Team 1",MKA_Team1,,ignore ID ,,facility,true,true,false,<MasterList>{},<Transaction>{},false,8795CB9A88061D4A93DDE093540E9F25
52BBB4AA8797E74A9979F4E1B2F41E0E,"MKA_Tanai_Team 1",MKA_Tanai_Team1,,ignore ID ,,facility,true,true,false,<MasterList>{},<Transaction>{},false,8795CB9A88061D4A93DDE093540E9F25
EA81ECD58BA38F4D8BF869A633441770,"Phakant_Team 1",Phakant_Team1,,ignore ID ,,facility,true,true,false,<MasterList>{},<Transaction>{},false,8795CB9A88061D4A93DDE093540E9F25
67E696BA89AFD74EBB7E54ACF6FF5FF5,"Phakant_Team 2",Phakant_Team2,,ignore ID ,,facility,true,true,false,<MasterList>{},<Transaction>{},false,8795CB9A88061D4A93DDE093540E9F25
21D278A2BA71924B92905F2C2B3EE73E,"Phakant_Team 3",Phakant_Team3,,ignore ID ,,facility,true,true,false,<MasterList>{},<Transaction>{},false,8795CB9A88061D4A93DDE093540E9F25
8F28FB003CACBA47B30AF17BBC72B94B,"Phakant_Team 4",Phakant_Team4,,ignore ID ,,facility,true,true,false,<MasterList>{},<Transaction>{},false,8795CB9A88061D4A93DDE093540E9F25
F0A80D8EDF81A0489BEF038DBBE86373,"Phakant_Team 5",Phakant_Team5,,ignore ID ,,facility,true,true,false,<MasterList>{},<Transaction>{},false,8795CB9A88061D4A93DDE093540E9F25
F7004457CC24A34CB0EEF02B09A98616,"PTO_Team 1",PTO_Team1,,ignore ID ,,facility,true,true,false,<MasterList>{},<Transaction>{},false,8795CB9A88061D4A93DDE093540E9F25
8B56F93EFD91AF4697BF785CAAA50934,"PTO_Team 2",PTO_Team2,,ignore ID ,,facility,true,true,false,<MasterList>{},<Transaction>{},false,8795CB9A88061D4A93DDE093540E9F25
172233E7C6A5A14CA85165116B5A192F,"PTO_Team 3",PTO_Team3,,ignore ID ,,facility,true,true,false,<MasterList>{},<Transaction>{},false,8795CB9A88061D4A93DDE093540E9F25
33D026C6689CB3468D1CDC019E155B49,"PTO_Team 4",PTO_Team4,,ignore ID ,,facility,true,true,false,<MasterList>{},<Transaction>{},false,8795CB9A88061D4A93DDE093540E9F25
9A02EB093189B44E9BD809D782E83E2D,"PTO_Team 5",PTO_Team5,,ignore ID ,,facility,true,true,false,<MasterList>{},<Transaction>{},false,8795CB9A88061D4A93DDE093540E9F25
728F1A7199CB5547B827C1D42E1379A3,PTO_UHF_ICMV_Team,PTO_UHF_ICMV_Team,,ignore ID ,,facility,true,true,false,<MasterList>{},<Transaction>{},false,8795CB9A88061D4A93DDE093540E9F25
485C0F62F3AAAE46819C1E33F1AB4857,"Loikaw_Team 1",Loikaw_Team1,,ignore ID ,,facility,true,true,false,<MasterList>{},<Transaction>{},false,8795CB9A88061D4A93DDE093540E9F25
E4046CAEFB808443848A0C978E27FDCC,"KISG_Team 1",KISG_Team1,,ignore ID ,,facility,true,true,false,<MasterList>{},<Transaction>{},false,8795CB9A88061D4A93DDE093540E9F25
177342586159B040B22817537D474CB6,"KISG_Team 2",KISG_Team2,,ignore ID ,,facility,true,true,false,<MasterList>{},<Transaction>{},false,8795CB9A88061D4A93DDE093540E9F25
1EB4FBAEC7058F4CB0293201B86C64BD,"KISG_Team 3",KISG_Team3,,ignore ID ,,facility,true,true,false,<MasterList>{},<Transaction>{},false,8795CB9A88061D4A93DDE093540E9F25
D0BBF62F0B6E79408ECD89EA0249C5AE,"KISG_HYTS_Team 1",KISG_HYTS_Team1,,ignore ID ,,facility,true,true,false,<MasterList>{},<Transaction>{},false,8795CB9A88061D4A93DDE093540E9F25
F11ADC64C6680A4A98FB3AC3B837CCF9,"KISG_HYTS_Team 2",KISG_HYTS_Team2,,ignore ID ,,facility,true,true,false,<MasterList>{},<Transaction>{},false,8795CB9A88061D4A93DDE093540E9F25
6FBA6B92AF1621428A45709AD0C09B03,"KISG_KD_Team 1",KISG_KD_Team1,,ignore ID ,,facility,true,true,false,<MasterList>{},<Transaction>{},false,8795CB9A88061D4A93DDE093540E9F25
AB7277A527C7F0448162E8C3A95F318D,"KISG_KD_Team 2",KISG_KD_Team2,,ignore ID ,,facility,true,true,false,<MasterList>{},<Transaction>{},false,8795CB9A88061D4A93DDE093540E9F25
D62F733CC51BB54AAFD3E3CCA3C0300D,"MLM_Team 1",MLM_Team1,,ignore ID ,,facility,true,true,false,<MasterList>{},<Transaction>{},false,8795CB9A88061D4A93DDE093540E9F25
AD21C423B9676D44B1A508B33FD21158,"MLM_Team 2",MLM_Team2,,ignore ID ,,facility,true,true,false,<MasterList>{},<Transaction>{},false,8795CB9A88061D4A93DDE093540E9F25
CEE407EE68C86A4585844A378AF4EEEB,"Yae_Team 1",Yae_Team1,,ignore ID ,,facility,true,true,false,<MasterList>{},<Transaction>{},false,8795CB9A88061D4A93DDE093540E9F25
4C50640526950D4BA0C8A4A191DBE5DF,"Yae_Team 2",Yae_Team2,,ignore ID ,,facility,true,true,false,<MasterList>{},<Transaction>{},false,8795CB9A88061D4A93DDE093540E9F25
B07280AC55F70B48974BB263B93B9E0F,"TGO_Team 1",TGO_Team1,,ignore ID ,,facility,true,true,false,<MasterList>{},8fbc8c20cdea11e8b59c1b655d4f94bd 4123e850d1dd11e89f46578618507c24 c85f1110dc0911e8b3be8554970e016f 33e2f3f0dc0c11e8b3be8554970e016f 8bf69370e0c211e8b1b2691769ad92b5 4599e8c0e3f411e89137a7e0e64ab031 ,true,8795CB9A88061D4A93DDE093540E9F25
969BFEDD06BDB6418B5CB3E369AC0FE8,"TGO_Team 2",TGO_Team2,,ignore ID ,,facility,true,true,false,<MasterList>{},428e1b10cdc911e8b4f62f285a2de708 d802acb0cdec11e8b59c1b655d4f94bd 4a724240cdef11e8b59c1b655d4f94bd 751107c0d2a411e89f46578618507c24 59de2fb0dca811e8b3be8554970e016f 8fdbce00dc0e11e8b3be8554970e016f a5bfbc30dc0a11e8b3be8554970e016f b276d040dd8511e8a22ad759b095277d ,true,8795CB9A88061D4A93DDE093540E9F25
603C79D6C242B142907BB9E07B0B7769,"TGO_Team 3",TGO_Team3,,ignore ID ,,facility,true,true,false,<MasterList>{},a34b7f10cdec11e8b59c1b655d4f94bd 015bf5b0cdc711e8b4f62f285a2de708 561d5d00d1b911e89f46578618507c24 6976a980d66711e8a434818f178a2f1f 622915d0d66911e8a434818f178a2f1f 741e9210dc1311e8b3be8554970e016f fba5ed00e0c311e8b1b2691769ad92b5 ab9135d0e31c11e894e83b9783df6c54 ,true,8795CB9A88061D4A93DDE093540E9F25
4326BC50E550D44BA7A788D2B9519B99,"TGO_Team 4",TGO_Team4,,ignore ID ,,facility,true,true,false,<MasterList>{},015e6790d1b511e89f46578618507c24 a4c586a0cdc511e8b4f62f285a2de708 aa453270d66611e8a434818f178a2f1f 652a3d50d66811e8a434818f178a2f1f c271eae0dd8311e8a22ad759b095277d 16e18f30dd8511e8a22ad759b095277d 006bfa40dd8711e8a22ad759b095277d fbda49a0e0a611e8b1b2691769ad92b5 ,true,8795CB9A88061D4A93DDE093540E9F25
AA1A612753BB264892612B1856AE4E3B,"TGO_Team 5",TGO_Team5,,ignore ID ,,facility,true,true,false,<MasterList>{},6614df60cdec11e8b59c1b655d4f94bd 156ab5f0d1b911e89f46578618507c24 59ed29d0cdc011e8b4f62f285a2de708 efbcb640cdef11e8b59c1b655d4f94bd 9e98e300dc0f11e8b3be8554970e016f e10ebde0dc0f11e8b3be8554970e016f ,true,8795CB9A88061D4A93DDE093540E9F25
BC37AF4BEBBC9B46B30693F5E77125DC,"Hkamti_Team 1",Hkamti_Team1,,ignore ID ,,facility,true,true,false,<MasterList>{},<Transaction>{},false,8795CB9A88061D4A93DDE093540E9F25
567A93F8DAD6F4478A41737F3525617C,"Hkamti_Team 2",Hkamti_Team2,,ignore ID ,,facility,true,true,false,<MasterList>{},<Transaction>{},false,8795CB9A88061D4A93DDE093540E9F25
A3FAB6BFF77D49458680A4BA9C47943C,"Hkamti_Lahe_Team 1",Hkamti_Lahe_Team1,,ignore ID ,,facility,true,true,false,<MasterList>{},<Transaction>{},false,8795CB9A88061D4A93DDE093540E9F25
F55EB3DE08718142B1D2DCE876A0BF8A,"Hkamti_Lahe_Team 2",Hkamti_Lahe_Team2,,ignore ID ,,facility,true,true,false,<MasterList>{},<Transaction>{},false,8795CB9A88061D4A93DDE093540E9F25
5077BA4B5139984AB0B6CE0104A82CA3,"Hkamti_Lahe_Team 3",Hkamti_Lahe_Team3,,ignore ID ,,facility,true,true,false,<MasterList>{},<Transaction>{},false,8795CB9A88061D4A93DDE093540E9F25
0CD8619DB457F84CA3B10982218C1F94,"Hkamti_Layshi_Team 1",Hkamti_Layshi_Team1,,ignore ID ,,facility,true,true,false,<MasterList>{},<Transaction>{},false,8795CB9A88061D4A93DDE093540E9F25
868A69EDB08F4E4E8E9C8260A9D2E78C,"Hkamti_Layshi_Team 2",Hkamti_Layshi_Team2,,ignore ID ,,facility,true,true,false,<MasterList>{},<Transaction>{},false,8795CB9A88061D4A93DDE093540E9F25
2061FEE2CC60B841AFD03634629FF800,"Kalay_Team 1",Kalay_Team1,,ignore ID ,,facility,true,true,false,<MasterList>{},<Transaction>{},false,8795CB9A88061D4A93DDE093540E9F25
F17BEC9504CD1742A4AB9189D32E0556,"Kalay_ML_Team 1",Kalay_ML_Team1,,ignore ID ,,facility,true,true,false,<MasterList>{},<Transaction>{},false,8795CB9A88061D4A93DDE093540E9F25
A90EB8CA59A7F7429231DAA9BBB53C80,"Kalay_PBY_Team 1",Kalay_PBY_Team1,,ignore ID ,,facility,true,true,false,<MasterList>{},<Transaction>{},false,8795CB9A88061D4A93DDE093540E9F25
FC94C63BB777E54ABBEAF61BAA644D56,"Kalay_PBY_Team 2",Kalay_PBY_Team2,,ignore ID ,,facility,true,true,false,<MasterList>{},<Transaction>{},false,8795CB9A88061D4A93DDE093540E9F25
1DC53ECCC6FE1A4193C8FC04AC41832B,"Kalay_PBY_Team 3",Kalay_PBY_Team3,,ignore ID ,,facility,true,true,false,<MasterList>{},<Transaction>{},false,8795CB9A88061D4A93DDE093540E9F25
2DEB0FB6FE828A4CADE67361FA020C6B,"Kalay_Mingin_Team 1",Kalay_Mingin_Team1,,ignore ID ,,facility,true,true,false,<MasterList>{},<Transaction>{},false,8795CB9A88061D4A93DDE093540E9F25
C8888F43326E4045B166D53246CB9D58,"Nanyun_Team 1",Nanyun_Team1,,ignore ID ,,facility,true,true,false,<MasterList>{},<Transaction>{},false,8795CB9A88061D4A93DDE093540E9F25
BBBD2C8576786A4DAFF1332D7ACBBED5,"Nanyun_Team 2",Nanyun_Team2,,ignore ID ,,facility,true,true,false,<MasterList>{},<Transaction>{},false,8795CB9A88061D4A93DDE093540E9F25
39CEFDFC3E2CC941952A6A8B0D00EFD4,"Nanyun_Team 3",Nanyun_Team3,,ignore ID ,,facility,true,true,false,<MasterList>{},<Transaction>{},false,8795CB9A88061D4A93DDE093540E9F25
F4AC0D4D93589642BA893EE6D517A1B7,"KDHW Team",KDHW_Team,,ignore ID ,,facility,true,true,false,<MasterList>{},<Transaction>{},false,8795CB9A88061D4A93DDE093540E9F25
81C122420B7A744DB9F7E33B70F17057,Referral,Referral,,ignore ID ,,facility,true,false,false,<MasterList>{},<Transaction>{},true,8795CB9A88061D4A93DDE093540E9F25
A511DBE657C19149A92E8F1AF38C993F,placeholderName,placeholderCode,<null>,<null>,<null>,placeholderType,false,false,false,<MasterList>{},<Transaction>{},false,<null>
